{"cameraMode":{"drawMode":0,"name":"Shaded","section":"Shading Mode"},"sceneLighting":true,"audioPlay":false,"sceneViewState":{"showFog":true,"showMaterialUpdate":false,"showSkybox":true,"showFlares":true,"showImageEffects":true,"showParticleSystems":true},"in2DMode":false,"pivot":{"x":77.22480773925781,"y":8.418157577514649,"z":43.9180793762207},"rotation":{"x":-0.00048012641491368413,"y":0.9991402626037598,"z":0.011982028372585774,"w":0.04018896445631981},"size":38.07503890991211,"orthographic":false}