{"cameraMode":{"drawMode":0,"name":"Shaded","section":"Shading Mode"},"sceneLighting":false,"audioPlay":false,"sceneViewState":{"showFog":true,"showMaterialUpdate":true,"showSkybox":false,"showFlares":true,"showImageEffects":true,"showParticleSystems":true},"in2DMode":false,"pivot":{"x":-14.579554557800293,"y":0.3811326026916504,"z":9.34640121459961},"rotation":{"x":-0.00017998108523897827,"y":0.9996838569641113,"z":-0.023997025564312936,"w":-0.007497770246118307},"size":2.648786783218384,"orthographic":true}