{"cameraMode":{"drawMode":0,"name":"Shaded","section":"Shading Mode"},"sceneLighting":false,"audioPlay":false,"sceneViewState":{"showFog":true,"showMaterialUpdate":true,"showSkybox":true,"showFlares":true,"showImageEffects":true,"showParticleSystems":true},"in2DMode":false,"pivot":{"x":212.1942138671875,"y":2.4259324073791506,"z":-8.08891487121582},"rotation":{"x":-0.08462551236152649,"y":0.6908465027809143,"z":-0.0821484923362732,"w":-0.7134939432144165},"size":0.18000078201293946,"orthographic":false}