{"cameraMode":{"drawMode":0,"name":"Shaded","section":"Shading Mode"},"sceneLighting":false,"audioPlay":false,"sceneViewState":{"showFog":true,"showMaterialUpdate":true,"showSkybox":false,"showFlares":true,"showImageEffects":true,"showParticleSystems":true},"in2DMode":false,"pivot":{"x":0.0000010728836059570313,"y":1.0960898399353028,"z":0.45644229650497439},"rotation":{"x":0.00003965582436649129,"y":0.9996833205223084,"z":-0.02549753151834011,"w":0.0014992905780673028},"size":2.2763352394104006,"orthographic":true}