{"cameraMode":{"drawMode":0,"name":"Shaded","section":"Shading Mode"},"sceneLighting":false,"audioPlay":false,"sceneViewState":{"showFog":true,"showMaterialUpdate":true,"showSkybox":false,"showFlares":true,"showImageEffects":true,"showParticleSystems":true},"in2DMode":false,"pivot":{"x":185.03485107421876,"y":29.96723747253418,"z":35.47657012939453},"rotation":{"x":0.088637575507164,"y":0.3730529844760895,"z":0.035712629556655887,"w":-0.9229629039764404},"size":1.1382285356521607,"orthographic":false}